administrative_division_code,WKT
01101,POINT (141.3021 43.03841)
01102,POINT (141.354 43.13474)
01103,POINT (141.4013 43.10874)
01104,POINT (141.4252 43.06032)
01105,POINT (141.389 42.99981)
01106,POINT (141.1816 42.94708)
01107,POINT (141.2431 43.06393)
01108,POINT (141.4738 43.04333)
01109,POINT (141.2245 43.1158)
01110,POINT (141.4314 42.96203)
01202,POINT (140.9258 41.83751)
01203,POINT (141.0263 43.1564)
01204,POINT (142.3701 43.75788)
01205,POINT (140.9884 42.36647)
01206,POINT (144.0663 43.15864)
01207,POINT (143.0304 42.75737)
01208,POINT (143.7144 43.85162)
01209,POINT (142.1105 43.0433)
01210,POINT (141.7975 43.18087)
01211,POINT (144.2107 43.9856)
01212,POINT (141.7556 43.88561)
01213,POINT (141.5795 42.6823)
01214,POINT (141.8281 45.33242)
01215,POINT (141.8818 43.33806)
01216,POINT (142.2016 43.42524)
01217,POINT (141.5439 43.10728)
01218,POINT (142.0628 43.56789)
01219,POINT (143.2926 44.20308)
01220,POINT (142.5409 44.1153)
01221,POINT (142.4593 44.33947)
01222,POINT (141.9927 43.23977)
01223,POINT (145.5809 43.31432)
01224,POINT (141.5092 42.80058)
01225,POINT (141.9499 43.60837)
01226,POINT (141.9327 43.50328)
01227,POINT (142.0388 43.49366)
01228,POINT (142.0992 43.79319)
01229,POINT (142.4735 43.28183)
01230,POINT (141.0758 42.46559)
01231,POINT (141.464 42.87127)
01233,POINT (141.0172 42.60956)
01234,POINT (141.5149 42.96154)
01235,POINT (141.4428 43.4654)
01236,POINT (140.5543 41.86407)
01303,POINT (141.5625 43.36336)
01304,POINT (141.6149 43.22435)
01331,POINT (140.0651 41.51505)
01332,POINT (140.2496 41.52555)
01333,POINT (140.342 41.60309)
01334,POINT (140.4154 41.72764)
01337,POINT (140.7003 41.94876)
01343,POINT (140.7825 42.0214)
01345,POINT (140.5623 42.07006)
01346,POINT (140.2006 42.18989)
01347,POINT (140.3118 42.5211)
01361,POINT (140.1773 41.88572)
01362,POINT (140.1733 41.71384)
01363,POINT (140.3431 41.92191)
01364,POINT (140.1832 42.02211)
01367,POINT (139.4732 42.15533)
01370,POINT (140.0936 42.44364)
01371,POINT (139.9018 42.38295)
01391,POINT (140.0706 42.65544)
01392,POINT (140.2995 42.79093)
01393,POINT (140.3638 42.66722)
01394,POINT (140.4912 42.80027)
01395,POINT (140.6742 42.77977)
01396,POINT (140.7982 42.75745)
01397,POINT (140.9 42.71827)
01398,POINT (141.0052 42.79827)
01399,POINT (140.9427 42.88769)
01400,POINT (140.7795 42.91366)
01401,POINT (140.6274 42.98831)
01402,POINT (140.4786 42.93755)
01403,POINT (140.5153 43.10079)
01404,POINT (140.4328 43.19373)
01405,POINT (140.4778 43.28798)
01406,POINT (140.6096 43.18797)
01407,POINT (140.7351 43.09079)
01408,POINT (140.7741 43.17649)
01409,POINT (140.9065 43.05522)
01423,POINT (141.6334 43.05964)
01424,POINT (141.9249 43.41832)
01425,POINT (142.0038 43.44847)
01427,POINT (141.8627 42.94117)
01428,POINT (141.6949 42.98936)
01429,POINT (141.8709 43.02657)
01430,POINT (141.6729 43.36973)
01431,POINT (141.7891 43.43857)
01432,POINT (141.7282 43.5904)
01433,POINT (141.9447 43.70757)
01434,POINT (141.9591 43.77482)
01436,POINT (141.7503 43.69481)
01437,POINT (141.791 43.76433)
01438,POINT (141.9626 43.88551)
01452,POINT (142.3365 43.88926)
01453,POINT (142.4909 43.67422)
01454,POINT (142.5943 43.81918)
01455,POINT (142.485 43.91853)
01456,POINT (142.6355 43.94299)
01457,POINT (142.9281 43.75085)
01458,POINT (142.685 43.67291)
01459,POINT (142.6119 43.55808)
01460,POINT (142.527 43.45396)
01461,POINT (142.4292 43.40269)
01462,POINT (142.561 43.16698)
01463,POINT (142.4755 43.00825)
01464,POINT (142.3744 44.01054)
01465,POINT (142.3415 44.10358)
01468,POINT (142.7166 44.31348)
01469,POINT (142.3961 44.54037)
01470,POINT (142.2473 44.71475)
01471,POINT (142.0935 44.6901)
01472,POINT (142.1544 44.23048)
01481,POINT (141.5357 43.78811)
01482,POINT (141.8396 44.05851)
01483,POINT (141.8368 44.20644)
01484,POINT (141.8833 44.33558)
01485,POINT (141.8406 44.50647)
01486,POINT (141.9337 44.62)
01487,POINT (141.8616 44.8796)
01511,POINT (142.1128 45.22529)
01512,POINT (142.3084 45.07575)
01513,POINT (142.2778 44.91346)
01514,POINT (142.543 44.77431)
01516,POINT (141.7919 45.14583)
01517,POINT (141.0257 45.37515)
01518,POINT (141.1961 45.1618)
01519,POINT (141.2545 45.18888)
01520,POINT (141.9523 45.00147)
01543,POINT (144.1329 43.75458)
01544,POINT (144.0029 43.60751)
01545,POINT (144.9202 43.97707)
01546,POINT (144.5998 43.73295)
01547,POINT (144.4569 43.81417)
01549,POINT (143.7322 43.70096)
01550,POINT (143.4551 43.63211)
01552,POINT (143.7841 44.02426)
01555,POINT (143.3105 43.90665)
01559,POINT (143.6064 44.12742)
01560,POINT (143.0124 44.10339)
01561,POINT (143.0914 44.39685)
01562,POINT (142.9242 44.32057)
01563,POINT (142.8321 44.53653)
01564,POINT (144.2479 43.83943)
01571,POINT (140.6528 42.64432)
01575,POINT (140.9567 42.57446)
01578,POINT (141.2426 42.58767)
01581,POINT (141.9512 42.735)
01584,POINT (140.8308 42.6257)
01585,POINT (141.8378 42.81354)
01586,POINT (142.1343 42.75831)
01601,POINT (142.44 42.72708)
01602,POINT (142.3609 42.7032)
01604,POINT (142.4827 42.54468)
01607,POINT (142.8796 42.2899)
01608,POINT (143.0568 42.15791)
01609,POINT (143.2217 42.07185)
01610,POINT (142.6402 42.42936)
01631,POINT (143.2054 43.04255)
01632,POINT (143.2615 43.1654)
01633,POINT (143.1935 43.385)
01634,POINT (143.0347 43.21442)
01635,POINT (142.8636 43.3172)
01636,POINT (142.8827 42.96761)
01637,POINT (142.9602 42.8577)
01638,POINT (142.9717 42.63935)
01639,POINT (143.2038 42.63156)
01641,POINT (143.1674 42.51138)
01642,POINT (143.2101 42.32769)
01643,POINT (143.3175 42.749)
01644,POINT (143.4637 42.98926)
01645,POINT (143.4864 42.74158)
01646,POINT (143.5533 43.16314)
01647,POINT (143.5869 43.37488)
01648,POINT (143.6876 43.51236)
01649,POINT (143.6793 42.9152)
01661,POINT (144.5346 43.01666)
01662,POINT (144.8084 43.12337)
01663,POINT (145.0903 43.15737)
01664,POINT (144.5604 43.29345)
01665,POINT (144.3999 43.54719)
01667,POINT (144.2956 43.25014)
01668,POINT (143.9655 43.1264)
01691,POINT (145.0172 43.39191)
01692,POINT (144.845 43.58137)
01693,POINT (144.9711 43.7379)
01694,POINT (145.1434 44.03894)
01695,POINT (146.7388 43.80074)
01696,POINT (145.6233 43.9097)
01697,POINT (146.127 44.31978)
01698,POINT (147.4062 44.83043)
01699,POINT (148.0001 45.19908)
01700,POINT (148.6442 45.40242)
02201,POINT (140.7543 40.77008)
02202,POINT (140.3845 40.6051)
02203,POINT (141.4813 40.4741)
02204,POINT (140.7047 40.61709)
02205,POINT (140.4703 40.91633)
02206,POINT (141.0569 40.56682)
02207,POINT (141.3812 40.74605)
02208,POINT (141.0333 41.29086)
02209,POINT (140.3496 40.86975)
02210,POINT (140.7005 40.51832)
02301,POINT (140.9562 40.9077)
02303,POINT (140.5162 41.16027)
02304,POINT (140.5967 40.99502)
02307,POINT (140.5245 41.12081)
02321,POINT (140.1866 40.65139)
02323,POINT (140.0182 40.60481)
02343,POINT (140.237 40.5106)
02361,POINT (140.5165 40.67522)
02362,POINT (140.5514 40.48407)
02367,POINT (140.5417 40.64204)
02381,POINT (140.4811 40.71557)
02384,POINT (140.4213 40.75647)
02387,POINT (140.4166 41.04889)
02401,POINT (141.1463 40.88459)
02402,POINT (141.0788 40.73159)
02405,POINT (141.3154 40.62758)
02406,POINT (141.285 41.06699)
02408,POINT (141.2348 40.7955)
02411,POINT (141.331 40.95674)
02412,POINT (141.4019 40.62616)
02423,POINT (140.9275 41.47627)
02424,POINT (141.352 41.27821)
02425,POINT (141.0143 41.46398)
02426,POINT (140.8551 41.35267)
02441,POINT (141.1756 40.37708)
02442,POINT (141.2967 40.50815)
02443,POINT (141.0499 40.30908)
02445,POINT (141.347 40.4222)
02446,POINT (141.5841 40.43036)
02450,POINT (141.1076 40.44731)
03201,POINT (141.2691 39.7454)
03202,POINT (141.7254 39.62941)
03203,POINT (141.7499 39.1071)
03205,POINT (141.1675 39.44191)
03206,POINT (141.008 39.30765)
03207,POINT (141.6591 40.14361)
03208,POINT (141.5092 39.36473)
03209,POINT (141.2298 38.9451)
03210,POINT (141.5768 39.04097)
03211,POINT (141.7983 39.28745)
03213,POINT (141.1957 40.23796)
03214,POINT (140.9912 40.02378)
03215,POINT (141.0946 39.12966)
03216,POINT (141.0726 39.79034)
03301,POINT (140.9133 39.70389)
03302,POINT (141.4395 40.00662)
03303,POINT (141.2661 39.95333)
03321,POINT (141.159 39.54843)
03322,POINT (141.1242 39.61147)
03366,POINT (140.7909 39.39064)
03381,POINT (141.0182 39.19402)
03402,POINT (141.104 38.98891)
03441,POINT (141.5504 39.18011)
03461,POINT (141.8141 39.42602)
03482,POINT (141.9072 39.4843)
03483,POINT (141.6765 39.84862)
03484,POINT (141.8731 39.92462)
03485,POINT (141.8668 40.00256)
03501,POINT (141.489 40.30353)
03503,POINT (141.7951 40.0687)
03506,POINT (141.4335 40.1962)
03507,POINT (141.6713 40.32625)
03524,POINT (141.2791 40.14278)
04101,POINT (140.7028 38.33073)
04102,POINT (140.956 38.27397)
04103,POINT (140.9395 38.22542)
04104,POINT (140.6796 38.26102)
04105,POINT (140.7998 38.35377)
04202,POINT (141.3719 38.4796)
04203,POINT (141.0387 38.32623)
04205,POINT (141.5346 38.87603)
04206,POINT (140.5795 37.99689)
04207,POINT (140.8669 38.16725)
04208,POINT (140.7791 37.98827)
04209,POINT (140.9991 38.29536)
04211,POINT (140.8744 38.10937)
04212,POINT (141.2575 38.6858)
04213,POINT (140.9405 38.80892)
04214,POINT (141.1773 38.41112)
04215,POINT (140.8472 38.67995)
04216,POINT (140.9014 38.37958)
04301,POINT (140.5913 38.10647)
04302,POINT (140.4061 38.01752)
04321,POINT (140.7152 38.05209)
04322,POINT (140.7301 38.1272)
04323,POINT (140.7877 38.08574)
04324,POINT (140.5915 38.19864)
04341,POINT (140.7553 37.87346)
04361,POINT (140.8742 38.0414)
04362,POINT (140.8855 37.94566)
04401,POINT (141.0759 38.40362)
04404,POINT (141.0598 38.30006)
04406,POINT (140.9864 38.34249)
04421,POINT (140.8182 38.43296)
04422,POINT (141.0001 38.43428)
04424,POINT (140.8719 38.47982)
04444,POINT (140.7799 38.52049)
04445,POINT (140.6969 38.59424)
04501,POINT (141.1536 38.55922)
04505,POINT (141.0932 38.52008)
04581,POINT (141.4553 38.44206)
04606,POINT (141.452 38.68473)
05201,POINT (140.232 39.71035)
05202,POINT (140.1448 40.20286)
05203,POINT (140.5444 39.2836)
05204,POINT (140.5548 40.29002)
05206,POINT (139.8361 39.93791)
05207,POINT (140.5428 39.03652)
05209,POINT (140.8302 40.21015)
05210,POINT (140.1651 39.29311)
05211,POINT (140.0491 39.87265)
05212,POINT (140.4414 39.53707)
05213,POINT (140.4648 40.05495)
05214,POINT (139.973 39.19678)
05215,POINT (140.6685 39.76037)
05303,POINT (140.7797 40.39919)
05327,POINT (140.3186 39.96194)
05346,POINT (140.2509 40.35932)
05348,POINT (140.1068 40.07066)
05349,POINT (140.0684 40.36252)
05361,POINT (140.2039 39.92672)
05363,POINT (140.0807 39.95914)
05366,POINT (140.1233 39.8951)
05368,POINT (140.0021 40.00151)
05434,POINT (140.5959 39.42824)
05463,POINT (140.35 39.18397)
05464,POINT (140.7279 39.10203)
06201,POINT (140.3689 38.24609)
06202,POINT (140.1165 37.84726)
06203,POINT (139.8084 38.58494)
06204,POINT (139.9839 38.92487)
06205,POINT (140.3398 38.78818)
06206,POINT (140.2317 38.43443)
06207,POINT (140.3056 38.12578)
06208,POINT (140.3352 38.51672)
06209,POINT (139.9819 38.1374)
06210,POINT (140.3965 38.35819)
06211,POINT (140.4667 38.42559)
06212,POINT (140.4769 38.59357)
06213,POINT (140.1561 38.10317)
06301,POINT (140.2149 38.28022)
06302,POINT (140.2597 38.33097)
06321,POINT (140.301 38.43017)
06322,POINT (140.0235 38.4249)
06323,POINT (140.0653 38.28048)
06324,POINT (140.0855 38.35477)
06341,POINT (140.3361 38.59766)
06361,POINT (140.3717 38.90287)
06362,POINT (140.5269 38.76819)
06363,POINT (140.3256 38.67966)
06364,POINT (140.2436 38.95605)
06365,POINT (140.1719 38.59397)
06366,POINT (140.1969 38.82606)
06367,POINT (140.122 38.71918)
06381,POINT (140.2159 37.9904)
06382,POINT (140.0235 37.97172)
06401,POINT (139.7748 38.04066)
06402,POINT (140.0826 38.20054)
06403,POINT (139.897 37.93824)
06426,POINT (139.8502 38.79521)
06428,POINT (140.0011 38.70541)
06461,POINT (139.9516 39.05839)
07201,POINT (140.3885 37.78635)
07202,POINT (139.9681 37.4506)
07203,POINT (140.2951 37.41278)
07204,POINT (140.786 37.07753)
07205,POINT (140.2497 37.12222)
07207,POINT (140.317 37.29347)
07208,POINT (139.8439 37.703)
07209,POINT (140.8763 37.78265)
07210,POINT (140.4955 37.58405)
07211,POINT (140.6715 37.42355)
07212,POINT (140.9285 37.63108)
07213,POINT (140.6143 37.79949)
07214,POINT (140.4188 37.50481)
07301,POINT (140.5059 37.85886)
07303,POINT (140.5512 37.88876)
07308,POINT (140.6284 37.64375)
07322,POINT (140.3345 37.55858)
07342,POINT (140.3517 37.24457)
07344,POINT (140.0878 37.26139)
07362,POINT (139.8796 37.25654)
07364,POINT (139.3325 37.03235)
07367,POINT (139.3478 37.29139)
07368,POINT (139.6062 37.13674)
07402,POINT (140.0485 37.68979)
07405,POINT (139.6479 37.63549)
07407,POINT (140.0058 37.57831)
07408,POINT (140.156 37.59446)
07421,POINT (139.8006 37.56891)
07422,POINT (139.8823 37.56729)
07423,POINT (139.7088 37.45663)
07444,POINT (139.6381 37.44187)
07445,POINT (139.4869 37.43356)
07446,POINT (139.6366 37.30907)
07447,POINT (139.8129 37.40861)
07461,POINT (140.0936 37.16593)
07464,POINT (140.2951 37.1586)
07465,POINT (140.3656 37.14842)
07466,POINT (140.347 37.19391)
07481,POINT (140.343 37.0025)
07482,POINT (140.4289 36.86302)
07483,POINT (140.4586 36.92645)
07484,POINT (140.5107 37.01237)
07501,POINT (140.4614 37.14554)
07502,POINT (140.45 37.21665)
07503,POINT (140.5573 37.21107)
07504,POINT (140.4259 37.08116)
07505,POINT (140.5836 37.08998)
07521,POINT (140.4964 37.44091)
07522,POINT (140.6126 37.28626)
07541,POINT (140.9525 37.21984)
07542,POINT (140.9489 37.28168)
07543,POINT (140.9743 37.34922)
07544,POINT (140.8104 37.33228)
07545,POINT (140.9485 37.40115)
07546,POINT (140.9757 37.44357)
07547,POINT (140.8643 37.51694)
07548,POINT (140.777 37.50904)
07561,POINT (140.9009 37.86684)
07564,POINT (140.7484 37.67814)
08201,POINT (140.4356 36.37052)
08202,POINT (140.6187 36.62474)
08203,POINT (140.1948 36.09827)
08204,POINT (139.7753 36.17976)
08205,POINT (140.2178 36.22783)
08207,POINT (139.864 36.26126)
08208,POINT (140.1853 35.92247)
08210,POINT (139.9664 36.18743)
08211,POINT (139.964 36.06407)
08212,POINT (140.5054 36.64825)
08214,POINT (140.6209 36.76919)
08215,POINT (140.6874 36.83986)
08216,POINT (140.2694 36.3565)
08217,POINT (140.0801 35.91287)
08219,POINT (140.1857 35.97177)
08220,POINT (140.0817 36.10527)
08221,POINT (140.559 36.39632)
08222,POINT (140.6218 35.99921)
08223,POINT (140.5613 35.96191)
08224,POINT (139.9754 35.94797)
08225,POINT (140.3399 36.61369)
08226,POINT (140.476 36.46837)
08227,POINT (139.9869 36.28937)
08228,POINT (139.8879 36.06382)
08229,POINT (140.372 35.94865)
08230,POINT (140.2994 36.10985)
08231,POINT (140.1079 36.3275)
08232,POINT (140.7118 35.85111)
08233,POINT (140.4682 36.06606)
08234,POINT (140.5197 36.17355)
08235,POINT (140.0381 35.98201)
08236,POINT (140.3598 36.20395)
08302,POINT (140.4341 36.28047)
08309,POINT (140.5546 36.29732)
08310,POINT (140.3095 36.47975)
08341,POINT (140.5809 36.46054)
08364,POINT (140.3457 36.79796)
08442,POINT (140.3322 36.01843)
08443,POINT (140.2255 36.01414)
08447,POINT (140.2798 35.88274)
08521,POINT (139.8937 36.17839)
08542,POINT (139.7486 36.10803)
08546,POINT (139.8109 36.11015)
08564,POINT (140.1679 35.86609)
09201,POINT (139.8866 36.59683)
09202,POINT (139.453 36.3593)
09203,POINT (139.6895 36.37287)
09204,POINT (139.5358 36.42401)
09205,POINT (139.6415 36.5755)
09206,POINT (139.5811 36.81874)
09208,POINT (139.8019 36.308)
09209,POINT (139.9968 36.42486)
09210,POINT (140.1191 36.86131)
09211,POINT (139.8981 36.82745)
09213,POINT (139.9106 36.99082)
09214,POINT (140.0029 36.72362)
09215,POINT (140.1341 36.6627)
09216,POINT (139.8613 36.40196)
09301,POINT (139.9106 36.44548)
09342,POINT (140.1099 36.46044)
09343,POINT (140.1899 36.52162)
09344,POINT (140.1043 36.559)
09345,POINT (140.0406 36.55197)
09361,POINT (139.805 36.45753)
09364,POINT (139.7379 36.22889)
09384,POINT (139.8152 36.79646)
09386,POINT (140.0168 36.6301)
09407,POINT (140.0926 37.04288)
09411,POINT (140.1835 36.75417)
10201,POINT (139.1275 36.4321)
10202,POINT (138.901 36.37636)
10203,POINT (139.3061 36.48374)
10204,POINT (139.2182 36.32125)
10205,POINT (139.3393 36.30636)
10206,POINT (139.1835 36.67373)
10207,POINT (139.5353 36.24598)
10208,POINT (139.0145 36.52915)
10209,POINT (138.9991 36.19213)
10210,POINT (138.8462 36.25852)
10211,POINT (138.7765 36.34081)
10212,POINT (139.3472 36.5304)
10344,POINT (138.9568 36.44312)
10345,POINT (138.9982 36.44998)
10366,POINT (138.7201 36.06528)
10367,POINT (138.8657 36.11168)
10382,POINT (138.7228 36.22714)
10383,POINT (138.6857 36.16174)
10384,POINT (138.9033 36.20991)
10421,POINT (138.7219 36.65453)
10424,POINT (138.626 36.50504)
10425,POINT (138.4939 36.5164)
10426,POINT (138.5752 36.6181)
10428,POINT (138.9417 36.6219)
10429,POINT (138.7852 36.52643)
10443,POINT (139.2608 36.84155)
10444,POINT (139.1293 36.73102)
10448,POINT (139.1008 36.61265)
10449,POINT (139.0047 36.8322)
10464,POINT (139.1263 36.30222)
10521,POINT (139.6202 36.22883)
10522,POINT (139.5342 36.20692)
10523,POINT (139.4502 36.213)
10524,POINT (139.407 36.24972)
10525,POINT (139.4613 36.2551)
11101,POINT (139.575 35.90932)
11102,POINT (139.6151 35.93911)
11103,POINT (139.6239 35.90646)
11104,POINT (139.6663 35.92707)
11105,POINT (139.6248 35.88132)
11106,POINT (139.6073 35.86017)
11107,POINT (139.6532 35.87334)
11108,POINT (139.6604 35.84616)
11109,POINT (139.7013 35.88449)
11110,POINT (139.7132 35.94441)
11201,POINT (139.4792 35.9115)
11202,POINT (139.3726 36.16027)
11203,POINT (139.7331 35.83314)
11206,POINT (139.4699 36.14801)
11207,POINT (138.9334 35.95967)
11208,POINT (139.4579 35.79946)
11209,POINT (139.2201 35.88818)
11210,POINT (139.62 36.13659)
11211,POINT (139.1462 36.19925)
11212,POINT (139.3914 36.03183)
11214,POINT (139.7757 35.9827)
11215,POINT (139.4208 35.85882)
11216,POINT (139.5534 36.17251)
11217,POINT (139.5035 36.07886)
11218,POINT (139.2657 36.18067)
11219,POINT (139.5816 35.97043)
11221,POINT (139.8022 35.83869)
11222,POINT (139.7902 35.90108)
11223,POINT (139.6861 35.82445)
11224,POINT (139.657 35.81477)
11225,POINT (139.3676 35.81801)
11227,POINT (139.5973 35.80919)
11228,POINT (139.5835 35.83699)
11229,POINT (139.6198 35.78935)
11230,POINT (139.5596 35.78942)
11231,POINT (139.55 36.00303)
11232,POINT (139.6495 36.07708)
11233,POINT (139.5304 36.02615)
11234,POINT (139.8394 35.81933)
11235,POINT (139.5545 35.85448)
11237,POINT (139.8718 35.83221)
11238,POINT (139.6498 36.00147)
11239,POINT (139.4002 35.96356)
11240,POINT (139.7402 36.07081)
11241,POINT (139.3945 35.93572)
11242,POINT (139.3393 35.8965)
11243,POINT (139.8609 35.89512)
11245,POINT (139.5152 35.86506)
11246,POINT (139.6676 36.02415)
11301,POINT (139.62 35.99784)
11324,POINT (139.5158 35.83291)
11326,POINT (139.3073 35.93501)
11327,POINT (139.2661 35.96061)
11341,POINT (139.3559 36.07038)
11342,POINT (139.3149 36.05642)
11343,POINT (139.2488 36.05474)
11346,POINT (139.4841 35.98399)
11347,POINT (139.4553 36.04432)
11348,POINT (139.3339 35.98776)
11349,POINT (139.2413 35.99894)
11361,POINT (139.1291 35.96885)
11362,POINT (139.0909 36.07845)
11363,POINT (139.1168 36.11752)
11365,POINT (138.9292 36.02155)
11369,POINT (139.1824 36.04624)
11381,POINT (139.1736 36.17174)
11383,POINT (139.0576 36.16086)
11385,POINT (139.1351 36.25062)
11408,POINT (139.2028 36.11132)
11442,POINT (139.7166 36.02265)
11464,POINT (139.7547 36.03411)
11465,POINT (139.8255 35.93641)
12000,POINT (139.9642 35.67168)
12101,POINT (140.1294 35.58437)
12102,POINT (140.0914 35.67636)
12103,POINT (140.1131 35.6486)
12104,POINT (140.2051 35.6104)
12105,POINT (140.2295 35.54458)
12106,POINT (140.0616 35.63354)
12202,POINT (140.7758 35.74293)
12203,POINT (139.9328 35.71882)
12204,POINT (140.0189 35.72653)
12205,POINT (139.8618 34.97162)
12206,POINT (139.9875 35.36983)
12207,POINT (139.9291 35.79574)
12208,POINT (139.8622 35.98514)
12210,POINT (140.3016 35.44981)
12211,POINT (140.3576 35.81545)
12212,POINT (140.2133 35.70619)
12213,POINT (140.3671 35.56517)
12215,POINT (140.6557 35.73424)
12216,POINT (140.0341 35.68089)
12217,POINT (139.9939 35.86015)
12218,POINT (140.2676 35.17517)
12219,POINT (140.1372 35.42487)
12220,POINT (139.9141 35.87336)
12221,POINT (140.105 35.7392)
12222,POINT (140.0651 35.86947)
12223,POINT (140.0777 35.12989)
12224,POINT (139.9988 35.77289)
12225,POINT (140.0242 35.26299)
12226,POINT (139.9006 35.22592)
12227,POINT (139.9018 35.64284)
12228,POINT (140.1791 35.67168)
12229,POINT (140.0177 35.41641)
12230,POINT (140.2969 35.6424)
12231,POINT (140.1803 35.79796)
12232,POINT (140.0601 35.80164)
12233,POINT (140.3408 35.72025)
12234,POINT (139.9284 35.03667)
12235,POINT (140.5537 35.69983)
12236,POINT (140.54 35.85346)
12237,POINT (140.4208 35.62397)
12238,POINT (140.3433 35.27776)
12239,POINT (140.3428 35.51283)
12322,POINT (140.278 35.72928)
12329,POINT (140.2427 35.84404)
12342,POINT (140.4084 35.88624)
12347,POINT (140.4711 35.75707)
12349,POINT (140.6732 35.81364)
12403,POINT (140.4338 35.53332)
12409,POINT (140.4102 35.7215)
12410,POINT (140.4947 35.66083)
12421,POINT (140.3708 35.36152)
12422,POINT (140.3022 35.3528)
12423,POINT (140.3577 35.40708)
12424,POINT (140.3793 35.4501)
12426,POINT (140.2134 35.44589)
12427,POINT (140.243 35.37519)
12441,POINT (140.2138 35.24287)
12443,POINT (140.3407 35.19643)
12463,POINT (139.8719 35.13242)
13000,POINT (140.1084 32.63634)
13101,POINT (139.7546 35.68766)
13102,POINT (139.7772 35.67113)
13103,POINT (139.7396 35.65168)
13104,POINT (139.709 35.70107)
13105,POINT (139.7473 35.71746)
13106,POINT (139.786 35.71548)
13107,POINT (139.8155 35.71221)
13108,POINT (139.8145 35.65433)
13109,POINT (139.733 35.60974)
13110,POINT (139.6882 35.62997)
13111,POINT (139.7333 35.56847)
13112,POINT (139.6351 35.63971)
13113,POINT (139.6963 35.66788)
13114,POINT (139.6625 35.71092)
13115,POINT (139.6254 35.69682)
13116,POINT (139.7116 35.73153)
13117,POINT (139.7289 35.7659)
13118,POINT (139.7813 35.73993)
13119,POINT (139.6765 35.77257)
13120,POINT (139.6177 35.74785)
13121,POINT (139.7951 35.77881)
13122,POINT (139.8557 35.75324)
13123,POINT (139.8756 35.69234)
13201,POINT (139.2877 35.65982)
13202,POINT (139.4045 35.71447)
13203,POINT (139.5616 35.70814)
13204,POINT (139.5604 35.68467)
13205,POINT (139.242 35.80359)
13206,POINT (139.4832 35.6705)
13207,POINT (139.3642 35.70783)
13208,POINT (139.5522 35.65769)
13209,POINT (139.4304 35.57615)
13210,POINT (139.511 35.70109)
13211,POINT (139.4817 35.72739)
13212,POINT (139.3986 35.66333)
13213,POINT (139.4724 35.75923)
13214,POINT (139.4612 35.70552)
13215,POINT (139.4388 35.68634)
13218,POINT (139.3364 35.73603)
13219,POINT (139.5772 35.63487)
13220,POINT (139.4266 35.75031)
13221,POINT (139.5222 35.78144)
13222,POINT (139.5199 35.75388)
13223,POINT (139.3839 35.75036)
13224,POINT (139.4399 35.63059)
13225,POINT (139.4929 35.63291)
13227,POINT (139.3154 35.76404)
13228,POINT (139.2254 35.73283)
13229,POINT (139.5462 35.73486)
13303,POINT (139.3493 35.77426)
13305,POINT (139.2264 35.75872)
13307,POINT (139.1045 35.72501)
13308,POINT (139.0555 35.82257)
13361,POINT (139.3988 34.7375)
13362,POINT (139.2792 34.52241)
13363,POINT (139.2593 34.3711)
13364,POINT (139.1477 34.21418)
13381,POINT (139.521 34.08501)
13382,POINT (139.603 33.87472)
13401,POINT (139.7932 33.10725)
13402,POINT (139.7665 32.45736)
13421,POINT (142.0043 26.20617)
14101,POINT (139.6774 35.50055)
14102,POINT (139.619 35.48554)
14103,POINT (139.6186 35.4568)
14104,POINT (139.6588 35.42809)
14105,POINT (139.6019 35.42842)
14106,POINT (139.5783 35.46122)
14107,POINT (139.6141 35.39231)
14108,POINT (139.6232 35.34891)
14109,POINT (139.6228 35.528)
14110,POINT (139.5312 35.40326)
14111,POINT (139.5783 35.39418)
14112,POINT (139.5275 35.47652)
14113,POINT (139.5263 35.51546)
14114,POINT (139.4881 35.46885)
14115,POINT (139.5569 35.36192)
14116,POINT (139.4993 35.42067)
14117,POINT (139.524 35.55896)
14118,POINT (139.5776 35.54019)
14131,POINT (139.7378 35.51488)
14132,POINT (139.68 35.54517)
14133,POINT (139.6529 35.57468)
14134,POINT (139.6153 35.59222)
14135,POINT (139.5506 35.61851)
14136,POINT (139.5784 35.58618)
14137,POINT (139.4987 35.5991)
14151,POINT (139.1959 35.57017)
14152,POINT (139.3666 35.56258)
14153,POINT (139.4066 35.5268)
14201,POINT (139.6604 35.24982)
14203,POINT (139.3202 35.35097)
14204,POINT (139.538 35.32999)
14205,POINT (139.459 35.36811)
14206,POINT (139.144 35.26298)
14207,POINT (139.4096 35.34428)
14208,POINT (139.5913 35.29901)
14210,POINT (139.641 35.16751)
14211,POINT (139.203 35.40015)
14212,POINT (139.3271 35.46514)
14213,POINT (139.4565 35.47375)
14214,POINT (139.292 35.41012)
14215,POINT (139.3931 35.43762)
14216,POINT (139.4092 35.48753)
14217,POINT (139.0701 35.30991)
14218,POINT (139.4309 35.43996)
14301,POINT (139.6006 35.27128)
14321,POINT (139.3856 35.37553)
14341,POINT (139.2887 35.31668)
14342,POINT (139.2496 35.3079)
14361,POINT (139.2152 35.33608)
14362,POINT (139.1654 35.33502)
14363,POINT (139.1308 35.39216)
14364,POINT (139.0454 35.42477)
14366,POINT (139.1249 35.33504)
14382,POINT (139.0314 35.23226)
14383,POINT (139.1335 35.16549)
14384,POINT (139.079 35.16624)
14401,POINT (139.2991 35.52884)
14402,POINT (139.229 35.48707)
15101,POINT (139.1989 37.92325)
15102,POINT (139.1065 37.92792)
15103,POINT (139.0485 37.90447)
15104,POINT (139.1066 37.86321)
15105,POINT (139.1114 37.78594)
15106,POINT (139.0226 37.76872)
15107,POINT (138.9516 37.84814)
15108,POINT (138.8963 37.75976)
15202,POINT (138.8569 37.4343)
15204,POINT (139.09 37.54066)
15205,POINT (138.5992 37.32361)
15206,POINT (139.4279 37.90732)
15208,POINT (138.8005 37.29128)
15209,POINT (139.1107 37.6221)
15210,POINT (138.702 37.09063)
15211,POINT (138.9319 37.5277)
15212,POINT (139.6173 38.31013)
15213,POINT (138.8862 37.66544)
15216,POINT (137.8939 36.96625)
15217,POINT (138.1876 36.93226)
15218,POINT (139.2264 37.65646)
15222,POINT (138.3373 37.1202)
15223,POINT (139.2592 37.81425)
15224,POINT (138.3898 38.04419)
15225,POINT (139.0981 37.22075)
15226,POINT (138.9373 37.05583)
15227,POINT (139.4807 38.00575)
15307,POINT (139.2662 37.98339)
15342,POINT (138.8376 37.69079)
15361,POINT (139.0703 37.70114)
15385,POINT (139.464 37.66495)
15405,POINT (138.7147 37.52657)
15461,POINT (138.8007 36.85564)
15482,POINT (138.6417 36.97094)
15504,POINT (138.6405 37.42343)
15581,POINT (139.6012 38.06422)
15586,POINT (139.2403 38.4626)
16201,POINT (137.2995 36.54662)
16202,POINT (136.9664 36.74003)
16204,POINT (137.4915 36.7598)
16205,POINT (136.9428 36.86494)
16206,POINT (137.3822 36.75185)
16207,POINT (137.6164 36.76876)
16208,POINT (136.9907 36.61868)
16209,POINT (136.8548 36.66232)
16210,POINT (136.9196 36.45318)
16211,POINT (137.0878 36.72322)
16321,POINT (137.3066 36.70087)
16322,POINT (137.4766 36.6606)
16323,POINT (137.512 36.60168)
16342,POINT (137.5123 36.91203)
16343,POINT (137.6504 36.89225)
17201,POINT (136.7082 36.51931)
17202,POINT (136.9287 37.07845)
17203,POINT (136.4985 36.31099)
17204,POINT (136.8874 37.33756)
17205,POINT (137.2258 37.45533)
17206,POINT (136.3797 36.25499)
17207,POINT (136.8163 36.91138)
17209,POINT (136.7329 36.74366)
17210,POINT (136.6697 36.27546)
17211,POINT (136.5445 36.43595)
17212,POINT (136.6056 36.5252)
17324,POINT (136.5366 36.46922)
17361,POINT (136.7688 36.69284)
17365,POINT (136.6574 36.664)
17384,POINT (136.7715 37.08914)
17386,POINT (136.8037 36.82601)
17407,POINT (136.8976 36.97104)
17461,POINT (136.9362 37.23531)
17463,POINT (137.0953 37.33007)
18201,POINT (136.2182 36.04249)
18202,POINT (136.0806 35.63745)
18204,POINT (135.7481 35.46884)
18205,POINT (136.6169 35.90835)
18206,POINT (136.5218 36.0844)
18207,POINT (136.2183 35.95933)
18208,POINT (136.2516 36.22775)
18209,POINT (136.1772 35.88948)
18210,POINT (136.2553 36.16408)
18322,POINT (136.355 36.07793)
18382,POINT (136.3681 35.86844)
18404,POINT (136.2133 35.77209)
18423,POINT (136.0563 35.95897)
18442,POINT (135.9744 35.59687)
18481,POINT (135.5155 35.49214)
18483,POINT (135.6329 35.41473)
18501,POINT (135.8806 35.51175)
19201,POINT (138.5877 35.69712)
19202,POINT (138.7935 35.43888)
19204,POINT (138.9149 35.5366)
19205,POINT (138.6974 35.79688)
19206,POINT (138.9199 35.64285)
19207,POINT (138.412 35.71772)
19208,POINT (138.3542 35.65067)
19209,POINT (138.3937 35.83718)
19210,POINT (138.5184 35.71698)
19211,POINT (138.6807 35.59954)
19212,POINT (139.0638 35.63421)
19213,POINT (138.7917 35.72644)
19214,POINT (138.5411 35.58419)
19346,POINT (138.5132 35.53245)
19364,POINT (138.3094 35.46726)
19365,POINT (138.4678 35.41515)
19366,POINT (138.4617 35.2593)
19368,POINT (138.4027 35.54333)
19384,POINT (138.5336 35.6279)
19422,POINT (139.013 35.50594)
19423,POINT (138.8357 35.53093)
19424,POINT (138.856 35.45963)
19425,POINT (138.8775 35.423)
19429,POINT (138.6983 35.42778)
19430,POINT (138.6879 35.48703)
19442,POINT (138.9428 35.74774)
19443,POINT (138.9059 35.80147)
20201,POINT (138.1018 36.644)
20202,POINT (137.814 36.20157)
20203,POINT (138.2417 36.38345)
20204,POINT (138.048 36.07916)
20205,POINT (137.9137 35.43976)
20206,POINT (138.1135 36.02898)
20207,POINT (138.3488 36.60996)
20208,POINT (138.435 36.33906)
20209,POINT (138.0741 35.79073)
20210,POINT (137.9478 35.72772)
20211,POINT (138.3471 36.76945)
20212,POINT (137.7814 36.50559)
20213,POINT (138.3841 36.913)
20214,POINT (138.2467 36.02522)
20215,POINT (137.9002 36.03801)
20217,POINT (138.4453 36.21579)
20218,POINT (138.1235 36.50624)
20219,POINT (138.3686 36.37386)
20220,POINT (137.8401 36.32795)
20303,POINT (138.4592 36.06867)
20304,POINT (138.6185 35.94172)
20305,POINT (138.4583 35.9841)
20306,POINT (138.5859 36.01855)
20307,POINT (138.5901 36.06234)
20309,POINT (138.4745 36.12237)
20321,POINT (138.5894 36.35686)
20323,POINT (138.5132 36.33406)
20324,POINT (138.295 36.21124)
20349,POINT (138.1051 36.36438)
20350,POINT (138.2161 36.18817)
20361,POINT (138.1125 36.11056)
20362,POINT (138.2499 35.90071)
20363,POINT (138.2569 35.96387)
20382,POINT (137.9426 35.98406)
20383,POINT (137.9925 35.92426)
20384,POINT (137.8785 35.6745)
20385,POINT (137.9178 35.88614)
20386,POINT (137.9764 35.63917)
20388,POINT (137.8808 35.77355)
20402,POINT (137.9092 35.60532)
20403,POINT (137.8588 35.57357)
20404,POINT (137.7638 35.31714)
20407,POINT (137.6864 35.44262)
20409,POINT (137.6348 35.33333)
20410,POINT (137.6041 35.25609)
20411,POINT (137.7752 35.39112)
20412,POINT (137.6961 35.26755)
20413,POINT (137.8216 35.25391)
20414,POINT (137.8609 35.36328)
20415,POINT (137.9269 35.48066)
20416,POINT (137.9502 35.53849)
20417,POINT (138.0745 35.55816)
20422,POINT (137.682 35.76441)
20423,POINT (137.6179 35.6036)
20425,POINT (137.7602 35.99652)
20429,POINT (137.4751 35.81436)
20430,POINT (137.6911 35.69083)
20432,POINT (137.6535 35.89997)
20446,POINT (138.0367 36.46288)
20448,POINT (137.9436 36.43277)
20450,POINT (137.8623 36.16085)
20451,POINT (137.8298 36.10486)
20452,POINT (138.0401 36.4212)
20481,POINT (137.8977 36.42326)
20482,POINT (137.8262 36.41344)
20485,POINT (137.8356 36.69612)
20486,POINT (137.9158 36.82579)
20521,POINT (138.1939 36.45275)
20541,POINT (138.316 36.70272)
20543,POINT (138.4232 36.66231)
20561,POINT (138.5106 36.75132)
20562,POINT (138.4662 36.84049)
20563,POINT (138.4671 36.93151)
20583,POINT (138.1825 36.81018)
20588,POINT (137.9596 36.63425)
20590,POINT (138.2363 36.75526)
20602,POINT (138.5869 36.87969)
21201,POINT (136.7647 35.44825)
21202,POINT (136.5207 35.31244)
21203,POINT (137.2856 36.13186)
21204,POINT (137.1126 35.33399)
21205,POINT (136.8745 35.63042)
21206,POINT (137.4744 35.56643)
21207,POINT (136.9012 35.57892)
21208,POINT (137.2736 35.38934)
21209,POINT (136.7016 35.30739)
21210,POINT (137.4182 35.37065)
21211,POINT (137.0266 35.48385)
21212,POINT (137.2075 35.3242)
21213,POINT (136.8783 35.40283)
21214,POINT (137.066 35.4059)
21215,POINT (136.7431 35.5989)
21216,POINT (136.6702 35.39666)
21217,POINT (137.2055 36.33274)
21218,POINT (136.6199 35.65543)
21219,POINT (136.9457 35.83288)
21220,POINT (137.2379 35.8419)
21221,POINT (136.6244 35.2138)
21302,POINT (136.7868 35.38611)
21303,POINT (136.7694 35.36595)
21341,POINT (136.5644 35.29112)
21361,POINT (136.5164 35.38594)
21362,POINT (136.4458 35.34801)
21381,POINT (136.6092 35.41573)
21382,POINT (136.635 35.286)
21383,POINT (136.6627 35.33665)
21401,POINT (136.4523 35.60488)
21403,POINT (136.6267 35.4681)
21404,POINT (136.5564 35.44035)
21421,POINT (136.6897 35.43045)
21501,POINT (136.9765 35.43383)
21502,POINT (136.9774 35.49181)
21503,POINT (137.0815 35.51061)
21504,POINT (137.1133 35.57741)
21505,POINT (137.1863 35.50079)
21506,POINT (137.2628 35.60667)
21507,POINT (137.3377 35.64283)
21521,POINT (137.1544 35.43352)
21604,POINT (136.8794 36.2197)
22101,POINT (138.2644 35.23926)
22102,POINT (138.3824 34.95177)
22103,POINT (138.4855 35.09711)
22138,POINT (137.6992 34.72745)
22139,POINT (137.6639 34.83599)
22140,POINT (137.8848 35.0597)
22203,POINT (138.8306 35.07731)
22205,POINT (139.0632 35.09063)
22206,POINT (138.9488 35.13939)
22207,POINT (138.6088 35.30251)
22208,POINT (139.0872 34.93562)
22209,POINT (138.1266 34.91216)
22210,POINT (138.699 35.20107)
22211,POINT (137.8505 34.74453)
22212,POINT (138.3013 34.84025)
22213,POINT (138.019 34.7799)
22214,POINT (138.2338 34.91955)
22215,POINT (138.879 35.29893)
22216,POINT (137.9281 34.74181)
22219,POINT (138.9214 34.70889)
22220,POINT (138.8774 35.22551)
22221,POINT (137.5266 34.72269)
22222,POINT (138.9259 34.92231)
22223,POINT (138.1482 34.64836)
22224,POINT (138.1005 34.73882)
22225,POINT (138.9729 35.03799)
22226,POINT (138.1857 34.73187)
22301,POINT (139.0283 34.82659)
22302,POINT (138.9526 34.78613)
22304,POINT (138.8315 34.66436)
22305,POINT (138.8205 34.74584)
22306,POINT (138.8173 34.82338)
22325,POINT (138.994 35.11394)
22341,POINT (138.8987 35.09745)
22342,POINT (138.871 35.16605)
22344,POINT (138.9193 35.36006)
22424,POINT (138.2572 34.77353)
22429,POINT (138.1033 35.16356)
22461,POINT (137.9475 34.88655)
23000,POINT (136.8125 35.007)
23101,POINT (136.9617 35.16975)
23102,POINT (136.9323 35.18311)
23103,POINT (136.9179 35.21118)
23104,POINT (136.8833 35.20719)
23105,POINT (136.8601 35.16687)
23106,POINT (136.9053 35.16361)
23107,POINT (136.9419 35.14754)
23108,POINT (136.9375 35.12582)
23109,POINT (136.9004 35.12822)
23110,POINT (136.8447 35.13897)
23111,POINT (136.8524 35.09448)
23112,POINT (136.9235 35.09419)
23113,POINT (136.9958 35.22033)
23114,POINT (136.97 35.07779)
23115,POINT (137.0053 35.16778)
23116,POINT (136.9837 35.12265)
23201,POINT (137.4068 34.73978)
23202,POINT (137.2583 34.95107)
23203,POINT (136.793 35.30874)
23204,POINT (137.1167 35.23815)
23205,POINT (136.9263 34.89956)
23206,POINT (137.0067 35.27303)
23207,POINT (137.3608 34.84726)
23208,POINT (136.7527 35.1696)
23209,POINT (136.9917 34.87823)
23210,POINT (137.0174 35.00289)
23211,POINT (137.3011 35.14193)
23212,POINT (137.0719 34.9436)
23213,POINT (137.0702 34.83222)
23214,POINT (137.2278 34.82654)
23215,POINT (136.9804 35.36167)
23216,POINT (136.8533 34.88662)
23217,POINT (136.8703 35.34315)
23219,POINT (136.9501 35.29864)
23220,POINT (136.7635 35.23979)
23221,POINT (137.5427 34.96008)
23222,POINT (136.8999 35.02625)
23223,POINT (136.9548 35.01891)
23224,POINT (136.8639 34.96996)
23225,POINT (137.0496 34.99914)
23226,POINT (137.0365 35.217)
23227,POINT (136.9955 34.93241)
23228,POINT (136.8688 35.27841)
23229,POINT (137.0102 35.06058)
23230,POINT (137.0511 35.13754)
23231,POINT (137.1837 34.64094)
23232,POINT (136.7113 35.17182)
23233,POINT (136.8476 35.21324)
23234,POINT (136.8728 35.24695)
23235,POINT (136.7612 35.08132)
23236,POINT (137.0888 35.09424)
23237,POINT (136.8034 35.18842)
23238,POINT (137.0591 35.17572)
23302,POINT (137.0537 35.101)
23342,POINT (136.9163 35.25085)
23361,POINT (136.9109 35.33134)
23362,POINT (136.9134 35.36099)
23424,POINT (136.8224 35.17343)
23425,POINT (136.7853 35.13031)
23427,POINT (136.8066 35.06702)
23441,POINT (136.9109 34.93501)
23442,POINT (136.9554 34.96882)
23445,POINT (136.9222 34.72763)
23446,POINT (136.8899 34.77781)
23447,POINT (136.9071 34.84337)
23501,POINT (137.1659 34.86213)
23561,POINT (137.5548 35.12262)
23562,POINT (137.6901 35.08963)
23563,POINT (137.7395 35.17143)
24201,POINT (136.3665 34.65991)
24202,POINT (136.5762 34.97978)
24203,POINT (136.7158 34.46746)
24204,POINT (136.3567 34.48669)
24205,POINT (136.6562 35.09421)
24207,POINT (136.5224 34.89022)
24208,POINT (136.1183 34.60921)
24209,POINT (136.1829 34.03691)
24210,POINT (136.3934 34.86866)
24211,POINT (136.8583 34.44551)
24212,POINT (136.0263 33.92291)
24214,POINT (136.5079 35.16059)
24215,POINT (136.8134 34.33794)
24216,POINT (136.1851 34.74951)
24303,POINT (136.7402 35.06539)
24324,POINT (136.5897 35.0795)
24341,POINT (136.4836 35.04026)
24343,POINT (136.6615 35.03638)
24344,POINT (136.6804 35.01999)
24441,POINT (136.5015 34.4702)
24442,POINT (136.6265 34.55047)
24443,POINT (136.2625 34.31608)
24461,POINT (136.6207 34.48092)
24470,POINT (136.5786 34.3902)
24471,POINT (136.4121 34.31573)
24472,POINT (136.5847 34.31116)
24543,POINT (136.2369 34.17639)
24561,POINT (136.0093 33.83999)
24562,POINT (135.9695 33.77196)
25201,POINT (135.9125 35.08751)
25202,POINT (136.2059 35.26518)
25203,POINT (136.2247 35.50055)
25204,POINT (136.0765 35.16509)
25206,POINT (135.938 35.02607)
25207,POINT (135.9698 35.09015)
25208,POINT (136.0142 34.99903)
25209,POINT (136.1798 34.91795)
25210,POINT (136.0204 35.10363)
25211,POINT (136.0874 34.99989)
25212,POINT (135.9861 35.37191)
25213,POINT (136.2873 35.10708)
25214,POINT (136.3508 35.38382)
25383,POINT (136.2637 35.01299)
25384,POINT (136.1134 35.05758)
25425,POINT (136.248 35.16923)
25441,POINT (136.2318 35.19836)
25442,POINT (136.2651 35.20248)
25443,POINT (136.3444 35.21077)
26101,POINT (135.7134 35.10254)
26102,POINT (135.7529 35.02673)
26103,POINT (135.7962 35.16556)
26104,POINT (135.7468 35.01035)
26105,POINT (135.7787 34.99102)
26106,POINT (135.7505 34.99289)
26107,POINT (135.7356 34.96732)
26108,POINT (135.6651 35.14892)
26109,POINT (135.7748 34.93696)
26110,POINT (135.8164 34.98318)
26111,POINT (135.6605 34.97291)
26201,POINT (135.1134 35.32402)
26202,POINT (135.3399 35.47005)
26203,POINT (135.3446 35.35266)
26204,POINT (135.8204 34.90296)
26205,POINT (135.2069 35.57182)
26206,POINT (135.539 35.01021)
26207,POINT (135.7976 34.84568)
26208,POINT (135.7027 34.94975)
26209,POINT (135.6801 34.92458)
26210,POINT (135.7147 34.86663)
26211,POINT (135.7586 34.80655)
26212,POINT (135.0457 35.63082)
26213,POINT (135.5592 35.22732)
26214,POINT (135.8478 34.75123)
26303,POINT (135.6871 34.90216)
26322,POINT (135.7473 34.88896)
26343,POINT (135.8287 34.81022)
26344,POINT (135.8876 34.85493)
26364,POINT (135.9483 34.7643)
26365,POINT (135.9294 34.81045)
26366,POINT (135.7759 34.75749)
26367,POINT (136.0024 34.76612)
26407,POINT (135.3911 35.22325)
26463,POINT (135.2477 35.71415)
26465,POINT (135.1022 35.51006)
27102,POINT (135.5272 34.71193)
27103,POINT (135.4753 34.69389)
27104,POINT (135.4201 34.668)
27106,POINT (135.4838 34.67776)
27107,POINT (135.4508 34.66032)
27108,POINT (135.4663 34.6441)
27109,POINT (135.5204 34.65991)
27111,POINT (135.4954 34.65962)
27113,POINT (135.4412 34.70389)
27114,POINT (135.5308 34.7433)
27115,POINT (135.5469 34.67314)
27116,POINT (135.5444 34.65237)
27117,POINT (135.5473 34.72551)
27118,POINT (135.5489 34.69661)
27119,POINT (135.5135 34.63304)
27120,POINT (135.5047 34.6049)
27121,POINT (135.5316 34.61902)
27122,POINT (135.49 34.63865)
27123,POINT (135.4822 34.72903)
27124,POINT (135.5754 34.70347)
27125,POINT (135.4471 34.62049)
27126,POINT (135.5607 34.61504)
27127,POINT (135.5019 34.70519)
27128,POINT (135.5141 34.68012)
27141,POINT (135.4689 34.58115)
27142,POINT (135.5041 34.52439)
27143,POINT (135.5342 34.53558)
27144,POINT (135.4484 34.54886)
27145,POINT (135.5065 34.4758)
27146,POINT (135.5131 34.56533)
27147,POINT (135.5637 34.53617)
27202,POINT (135.4153 34.428)
27203,POINT (135.4728 34.7819)
27204,POINT (135.4383 34.83444)
27205,POINT (135.5191 34.78555)
27206,POINT (135.404 34.5075)
27207,POINT (135.6079 34.88077)
27208,POINT (135.3851 34.40106)
27209,POINT (135.5764 34.74175)
27210,POINT (135.6817 34.81763)
27211,POINT (135.55 34.85587)
27212,POINT (135.6162 34.62026)
27213,POINT (135.3354 34.38035)
27214,POINT (135.5943 34.48882)
27215,POINT (135.627 34.7654)
27216,POINT (135.5669 34.40547)
27217,POINT (135.5512 34.58021)
27218,POINT (135.6357 34.71284)
27219,POINT (135.4716 34.43133)
27220,POINT (135.4793 34.8559)
27221,POINT (135.6464 34.57902)
27222,POINT (135.606 34.54816)
27223,POINT (135.5993 34.73215)
27224,POINT (135.5696 34.776)
27225,POINT (135.4296 34.52883)
27226,POINT (135.604 34.57415)
27227,POINT (135.6176 34.67113)
27228,POINT (135.2894 34.35401)
27229,POINT (135.6678 34.73243)
27230,POINT (135.6869 34.77216)
27231,POINT (135.5489 34.49646)
27232,POINT (135.2352 34.33117)
27301,POINT (135.6532 34.89887)
27321,POINT (135.4822 34.91383)
27322,POINT (135.413 34.98084)
27341,POINT (135.3939 34.49242)
27361,POINT (135.364 34.38903)
27362,POINT (135.2578 34.417)
27366,POINT (135.152 34.30321)
27381,POINT (135.6527 34.51765)
27382,POINT (135.649 34.48455)
27383,POINT (135.6481 34.43843)
28101,POINT (135.2711 34.72205)
28102,POINT (135.2281 34.73399)
28105,POINT (135.1652 34.67975)
28106,POINT (135.1444 34.66852)
28107,POINT (135.1064 34.67098)
28108,POINT (135.0597 34.64946)
28109,POINT (135.1714 34.79618)
28110,POINT (135.2032 34.68427)
28111,POINT (135.0168 34.71771)
28201,POINT (134.665 34.90054)
28202,POINT (135.4114 34.7343)
28203,POINT (134.9404 34.68295)
28204,POINT (135.3128 34.78442)
28205,POINT (134.8547 34.339)
28206,POINT (135.2997 34.74577)
28207,POINT (135.4068 34.78542)
28208,POINT (134.4557 34.84056)
28209,POINT (134.8266 35.51287)
28210,POINT (134.8511 34.7915)
28212,POINT (134.3725 34.78886)
28213,POINT (134.9949 35.00922)
28214,POINT (135.3355 34.85411)
28215,POINT (135.0589 34.83529)
28216,POINT (134.7858 34.77521)
28217,POINT (135.411 34.87746)
28218,POINT (134.9515 34.85874)
28219,POINT (135.2175 34.9521)
28220,POINT (134.8542 34.92322)
28221,POINT (135.2317 35.07348)
28222,POINT (134.6859 35.35306)
28223,POINT (135.0495 35.17458)
28224,POINT (134.765 34.27387)
28225,POINT (134.8255 35.26087)
28226,POINT (134.9132 34.49467)
28227,POINT (134.5452 35.15366)
28228,POINT (135.0225 34.92772)
28229,POINT (134.5188 34.88766)
28301,POINT (135.3498 34.94611)
28365,POINT (134.9049 35.08357)
28381,POINT (134.9235 34.7524)
28382,POINT (134.8644 34.71299)
28442,POINT (134.7813 35.01414)
28443,POINT (134.751 34.963)
28446,POINT (134.7688 35.11056)
28464,POINT (134.591 34.83326)
28481,POINT (134.3504 34.88655)
28501,POINT (134.3705 35.02027)
28585,POINT (134.5903 35.52323)
28586,POINT (134.4827 35.55964)
29201,POINT (135.891 34.67449)
29202,POINT (135.7437 34.51008)
29203,POINT (135.7747 34.63392)
29204,POINT (135.8643 34.59562)
29205,POINT (135.7899 34.50139)
29206,POINT (135.8797 34.52144)
29207,POINT (135.7505 34.25678)
29208,POINT (135.721 34.43317)
29209,POINT (135.7104 34.70791)
29210,POINT (135.69 34.54861)
29211,POINT (135.7046 34.49683)
29212,POINT (135.9978 34.52034)
29322,POINT (136.0269 34.66415)
29342,POINT (135.6883 34.63309)
29343,POINT (135.6839 34.60356)
29344,POINT (135.7305 34.61393)
29345,POINT (135.7554 34.60181)
29361,POINT (135.7724 34.58781)
29362,POINT (135.7739 34.57362)
29363,POINT (135.7938 34.55406)
29385,POINT (136.1227 34.51835)
29386,POINT (136.1594 34.47774)
29401,POINT (135.7948 34.43814)
29402,POINT (135.8281 34.45892)
29424,POINT (135.7155 34.56549)
29425,POINT (135.6959 34.58468)
29426,POINT (135.7468 34.55072)
29427,POINT (135.7321 34.58008)
29441,POINT (135.8936 34.3987)
29442,POINT (135.7985 34.40289)
29443,POINT (135.8068 34.33776)
29444,POINT (135.8639 34.30801)
29446,POINT (135.8684 34.22718)
29447,POINT (135.6445 34.13608)
29449,POINT (135.7642 34.01064)
29450,POINT (135.9523 34.04534)
29451,POINT (136.0205 34.13755)
29452,POINT (136.0205 34.29267)
29453,POINT (136.0279 34.40663)
30000,POINT (135.9618 33.6062)
30201,POINT (135.197 34.24173)
30202,POINT (135.2254 34.14118)
30203,POINT (135.6101 34.3227)
30204,POINT (135.1419 34.08226)
30205,POINT (135.176 33.8804)
30206,POINT (135.5776 33.82622)
30207,POINT (135.8592 33.76613)
30208,POINT (135.3941 34.25409)
30209,POINT (135.3056 34.28091)
30304,POINT (135.3893 34.15398)
30341,POINT (135.5124 34.23642)
30343,POINT (135.5801 34.26612)
30344,POINT (135.6091 34.21441)
30361,POINT (135.1925 34.03553)
30362,POINT (135.2071 33.99118)
30366,POINT (135.3664 34.07195)
30381,POINT (135.1155 33.8956)
30382,POINT (135.1218 33.93282)
30383,POINT (135.1218 33.97587)
30390,POINT (135.2787 33.85632)
30391,POINT (135.3498 33.82953)
30392,POINT (135.3584 33.95972)
30401,POINT (135.4722 33.63635)
30404,POINT (135.4573 33.7063)
30406,POINT (135.5705 33.57159)
30421,POINT (135.8752 33.64246)
30422,POINT (135.9415 33.59205)
30424,POINT (135.7356 33.61113)
30427,POINT (135.9514 33.95987)
30428,POINT (135.764 33.51434)
31201,POINT (134.1581 35.42981)
31202,POINT (133.3592 35.43414)
31203,POINT (133.7456 35.39055)
31204,POINT (133.2313 35.51885)
31302,POINT (134.3626 35.54457)
31325,POINT (134.4404 35.32268)
31328,POINT (134.2627 35.24961)
31329,POINT (134.3209 35.38145)
31364,POINT (133.8939 35.3527)
31370,POINT (133.9093 35.47268)
31371,POINT (133.6409 35.45027)
31372,POINT (133.7688 35.47587)
31384,POINT (133.3795 35.44394)
31386,POINT (133.5287 35.45271)
31389,POINT (133.3501 35.32054)
31390,POINT (133.4418 35.33328)
31401,POINT (133.2612 35.1576)
31402,POINT (133.4149 35.20972)
31403,POINT (133.5211 35.29336)
32201,POINT (133.0688 35.46793)
32202,POINT (132.1411 34.82181)
32203,POINT (132.7545 35.34539)
32204,POINT (131.9442 34.62425)
32205,POINT (132.4943 35.13564)
32206,POINT (133.1995 35.33391)
32207,POINT (132.2957 34.97488)
32209,POINT (132.8954 35.24356)
32343,POINT (133.0416 35.15788)
32386,POINT (132.7371 35.06103)
32441,POINT (132.4782 34.99041)
32448,POINT (132.5992 35.02956)
32449,POINT (132.5017 34.87681)
32501,POINT (131.8083 34.51258)
32505,POINT (131.8919 34.39445)
32525,POINT (133.1004 36.08465)
32526,POINT (133.0158 36.09641)
32527,POINT (133.0321 36.0142)
32528,POINT (133.2781 36.25212)
33101,POINT (133.881 34.77195)
33102,POINT (133.9659 34.66085)
33103,POINT (134.0503 34.67672)
33104,POINT (133.9052 34.58399)
33202,POINT (133.7464 34.55747)
33203,POINT (134.0299 35.1385)
33204,POINT (133.9359 34.51733)
33205,POINT (133.5117 34.50141)
33207,POINT (133.4737 34.65032)
33208,POINT (133.7022 34.7027)
33209,POINT (133.5225 34.81718)
33210,POINT (133.449 35.01566)
33211,POINT (134.234 34.79313)
33212,POINT (134.1416 34.66535)
33213,POINT (134.0395 34.83364)
33214,POINT (133.6936 35.13536)
33215,POINT (134.2298 35.04277)
33216,POINT (133.5946 34.53605)
33346,POINT (134.1379 34.83868)
33423,POINT (133.8229 34.6085)
33445,POINT (133.5568 34.51313)
33461,POINT (133.5898 34.63099)
33586,POINT (133.5604 35.20322)
33606,POINT (133.9089 35.20606)
33622,POINT (134.1303 35.05794)
33623,POINT (134.1845 35.13624)
33643,POINT (134.3409 35.1933)
33663,POINT (133.9578 34.92239)
33666,POINT (133.9383 34.98368)
33681,POINT (133.751 34.85855)
34101,POINT (132.4491 34.3811)
34102,POINT (132.514 34.4285)
34103,POINT (132.473 34.3589)
34104,POINT (132.4162 34.39322)
34105,POINT (132.4104 34.46885)
34106,POINT (132.5269 34.5365)
34107,POINT (132.5906 34.3983)
34108,POINT (132.295 34.45868)
34202,POINT (132.6304 34.2239)
34203,POINT (132.8821 34.36791)
34204,POINT (133.004 34.45635)
34205,POINT (133.1627 34.42702)
34207,POINT (133.3358 34.52081)
34208,POINT (133.1751 34.63646)
34209,POINT (132.8662 34.79297)
34210,POINT (133.0665 34.94557)
34211,POINT (132.1886 34.26058)
34212,POINT (132.761 34.44756)
34213,POINT (132.1859 34.39771)
34214,POINT (132.6784 34.70291)
34215,POINT (132.444 34.21449)
34302,POINT (132.5174 34.3975)
34304,POINT (132.5529 34.36677)
34307,POINT (132.5917 34.34577)
34309,POINT (132.5139 34.32441)
34368,POINT (132.2561 34.60313)
34369,POINT (132.4012 34.70712)
34431,POINT (132.8924 34.24247)
34462,POINT (133.0168 34.61413)
34545,POINT (133.2616 34.75538)
35201,POINT (130.9909 34.16855)
35202,POINT (131.2752 34.04424)
35203,POINT (131.576 34.23352)
35204,POINT (131.5093 34.43187)
35206,POINT (131.5715 34.06899)
35207,POINT (131.8844 34.03)
35208,POINT (132.0669 34.20568)
35210,POINT (131.9777 33.98021)
35211,POINT (131.1461 34.34958)
35212,POINT (132.1371 33.95717)
35213,POINT (131.2525 34.2095)
35215,POINT (131.8267 34.14892)
35216,POINT (131.1576 34.04038)
35305,POINT (132.2825 33.91479)
35321,POINT (132.2116 34.19564)
35341,POINT (132.0705 33.80638)
35343,POINT (132.0306 33.95196)
35344,POINT (132.0879 33.91643)
35502,POINT (131.5529 34.53081)
36201,POINT (134.5243 34.04968)
36202,POINT (134.5496 34.18781)
36203,POINT (134.5956 33.9842)
36204,POINT (134.6065 33.8771)
36205,POINT (134.2835 34.03707)
36206,POINT (134.2889 34.12184)
36207,POINT (134.1433 34.01883)
36208,POINT (133.8518 33.93345)
36301,POINT (134.4895 33.92859)
36302,POINT (134.3833 33.90018)
36321,POINT (134.4525 33.98253)
36341,POINT (134.4336 34.07799)
36342,POINT (134.3371 33.97698)
36368,POINT (134.2629 33.80016)
36383,POINT (134.4172 33.68664)
36387,POINT (134.5119 33.75305)
36388,POINT (134.2732 33.64573)
36401,POINT (134.5929 34.13513)
36402,POINT (134.55 34.12741)
36403,POINT (134.4944 34.12656)
36404,POINT (134.4524 34.15261)
36405,POINT (134.4061 34.13076)
36468,POINT (134.0537 33.96244)
36489,POINT (133.9179 34.03558)
37201,POINT (134.0541 34.26931)
37202,POINT (133.8159 34.2832)
37203,POINT (133.8922 34.32337)
37204,POINT (133.7778 34.22418)
37205,POINT (133.6748 34.07934)
37206,POINT (134.2132 34.26628)
37207,POINT (134.3332 34.21196)
37208,POINT (133.7247 34.16226)
37322,POINT (134.1984 34.50745)
37324,POINT (134.2938 34.49067)
37341,POINT (134.1382 34.23337)
37364,POINT (133.9889 34.46755)
37386,POINT (133.8263 34.30874)
37387,POINT (133.9624 34.20997)
37403,POINT (133.8181 34.19545)
37404,POINT (133.728 34.27045)
37406,POINT (133.9124 34.14124)
38201,POINT (132.7911 33.883)
38202,POINT (132.9759 34.0785)
38203,POINT (132.5552 33.17724)
38204,POINT (132.4313 33.47174)
38205,POINT (133.3297 33.90065)
38206,POINT (133.1123 33.86133)
38207,POINT (132.5983 33.52013)
38210,POINT (132.6894 33.68166)
38213,POINT (133.5361 33.93557)
38214,POINT (132.6326 33.39416)
38215,POINT (132.9267 33.80369)
38356,POINT (133.1931 34.25162)
38386,POINT (132.9849 33.63556)
38401,POINT (132.7257 33.79178)
38402,POINT (132.7892 33.69496)
38422,POINT (132.7571 33.56966)
38442,POINT (132.2127 33.43383)
38484,POINT (132.7117 33.20531)
38488,POINT (132.7495 33.29988)
38506,POINT (132.5813 32.98854)
39201,POINT (133.5082 33.58028)
39202,POINT (134.1483 33.38348)
39203,POINT (133.9543 33.58794)
39204,POINT (133.6253 33.60979)
39205,POINT (133.39 33.47526)
39206,POINT (133.3039 33.4117)
39208,POINT (132.7343 32.9613)
39209,POINT (132.8954 32.82707)
39210,POINT (132.8523 33.0815)
39211,POINT (133.7801 33.58352)
39212,POINT (133.8531 33.70813)
39301,POINT (134.2407 33.51792)
39302,POINT (134.0564 33.42035)
39303,POINT (134.0126 33.43886)
39304,POINT (134.0071 33.48783)
39305,POINT (134.1185 33.51737)
39306,POINT (134.0897 33.62276)
39307,POINT (133.8272 33.54859)
39341,POINT (133.5816 33.79187)
39344,POINT (133.7205 33.79156)
39363,POINT (133.4824 33.73356)
39364,POINT (133.4129 33.80066)
39386,POINT (133.3122 33.68074)
39387,POINT (133.1308 33.5824)
39401,POINT (133.167 33.33915)
39402,POINT (133.2739 33.49734)
39403,POINT (133.2218 33.54295)
39405,POINT (132.9255 33.39566)
39410,POINT (133.3543 33.53897)
39411,POINT (133.0851 33.4232)
39412,POINT (133.0204 33.23357)
39424,POINT (132.7086 32.8145)
39427,POINT (132.8515 32.9025)
39428,POINT (133.0594 33.08404)
40000,POINT (131.0086 33.82782)
40101,POINT (130.971 33.90774)
40103,POINT (130.7518 33.91588)
40105,POINT (130.8348 33.9011)
40106,POINT (130.8762 33.87919)
40107,POINT (130.883 33.79908)
40108,POINT (130.8089 33.8498)
40109,POINT (130.7473 33.83198)
40131,POINT (130.4184 33.65666)
40132,POINT (130.4433 33.58002)
40133,POINT (130.3863 33.58402)
40134,POINT (130.41 33.54159)
40135,POINT (130.2695 33.58498)
40136,POINT (130.3704 33.54882)
40137,POINT (130.3409 33.49618)
40202,POINT (130.469 33.04608)
40203,POINT (130.5671 33.3054)
40204,POINT (130.7459 33.75117)
40205,POINT (130.6609 33.61352)
40206,POINT (130.7996 33.6316)
40207,POINT (130.4096 33.14818)
40210,POINT (130.702 33.19878)
40211,POINT (130.4912 33.20749)
40212,POINT (130.3818 33.20578)
40213,POINT (130.9711 33.71386)
40214,POINT (131.0776 33.56864)
40215,POINT (130.7066 33.82049)
40216,POINT (130.5644 33.40033)
40217,POINT (130.5438 33.48514)
40218,POINT (130.4564 33.52404)
40219,POINT (130.4792 33.51302)
40220,POINT (130.5444 33.82301)
40221,POINT (130.5252 33.52019)
40223,POINT (130.4994 33.7214)
40224,POINT (130.4977 33.77996)
40225,POINT (130.7932 33.31184)
40226,POINT (130.615 33.71558)
40227,POINT (130.7403 33.53663)
40228,POINT (130.7417 33.41684)
40229,POINT (130.4962 33.12602)
40230,POINT (130.1804 33.53331)
40231,POINT (130.4221 33.46476)
40341,POINT (130.5369 33.56292)
40342,POINT (130.5472 33.62456)
40343,POINT (130.4763 33.58756)
40344,POINT (130.5187 33.59236)
40345,POINT (130.4571 33.70202)
40348,POINT (130.5167 33.66682)
40349,POINT (130.4745 33.61584)
40381,POINT (130.663 33.89132)
40382,POINT (130.6939 33.85573)
40383,POINT (130.6046 33.85418)
40384,POINT (130.6626 33.84577)
40401,POINT (130.7044 33.70494)
40402,POINT (130.6697 33.78418)
40421,POINT (130.6796 33.57454)
40447,POINT (130.6192 33.46087)
40448,POINT (130.8492 33.43709)
40503,POINT (130.615 33.38095)
40522,POINT (130.4408 33.21261)
40544,POINT (130.5726 33.25213)
40601,POINT (130.8548 33.68471)
40602,POINT (130.879 33.51399)
40604,POINT (130.7726 33.65546)
40605,POINT (130.8146 33.57052)
40608,POINT (130.8518 33.61217)
40609,POINT (130.8879 33.60659)
40610,POINT (130.7863 33.70144)
40621,POINT (130.9689 33.77156)
40625,POINT (130.936 33.62944)
40642,POINT (131.1705 33.60548)
40646,POINT (131.14 33.54151)
40647,POINT (131.0158 33.60834)
41201,POINT (130.2651 33.32494)
41202,POINT (129.9982 33.41718)
41203,POINT (130.4917 33.37875)
41204,POINT (130.1053 33.2763)
41205,POINT (129.8877 33.30177)
41206,POINT (129.9977 33.20156)
41207,POINT (130.094 33.0593)
41208,POINT (130.1966 33.27891)
41209,POINT (130.0153 33.0949)
41210,POINT (130.3515 33.34744)
41327,POINT (130.3965 33.36357)
41341,POINT (130.5095 33.42597)
41345,POINT (130.4219 33.33828)
41346,POINT (130.4446 33.32463)
41387,POINT (129.8676 33.47686)
41401,POINT (129.8649 33.19929)
41423,POINT (130.115 33.21752)
41424,POINT (130.1574 33.21906)
41425,POINT (130.1463 33.16488)
41441,POINT (130.1516 32.99491)
42201,POINT (129.8271 32.78193)
42202,POINT (129.6801 33.20432)
42203,POINT (130.3293 32.79438)
42204,POINT (130.0695 32.86915)
42205,POINT (129.9929 32.93976)
42207,POINT (129.4868 33.31593)
42208,POINT (129.735 33.35345)
42209,POINT (129.3257 34.40837)
42210,POINT (129.7167 33.78556)
42211,POINT (128.7688 32.69918)
42212,POINT (129.6818 32.99264)
42213,POINT (130.2266 32.78619)
42214,POINT (130.2571 32.67567)
42307,POINT (129.8842 32.83057)
42308,POINT (129.8299 32.83873)
42321,POINT (129.9574 33.03417)
42322,POINT (129.8701 33.08164)
42323,POINT (129.8991 33.13241)
42383,POINT (129.0709 33.19618)
42391,POINT (129.6564 33.24458)
42411,POINT (129.0686 32.95272)
43101,POINT (130.7225 32.79933)
43102,POINT (130.7757 32.8043)
43103,POINT (130.6417 32.81017)
43104,POINT (130.6913 32.72579)
43105,POINT (130.6988 32.89056)
43202,POINT (130.7502 32.49062)
43203,POINT (130.7496 32.16366)
43204,POINT (130.4755 32.97614)
43205,POINT (130.462 32.17059)
43206,POINT (130.5602 32.91552)
43208,POINT (130.7231 33.05586)
43210,POINT (130.8552 32.99108)
43211,POINT (130.613 32.68085)
43212,POINT (130.4083 32.49573)
43213,POINT (130.6548 32.62671)
43214,POINT (131.0946 32.95609)
43215,POINT (130.1501 32.38513)
43216,POINT (130.7687 32.89305)
43348,POINT (130.8715 32.61358)
43364,POINT (130.6291 32.90173)
43367,POINT (130.5501 33.03515)
43368,POINT (130.4681 32.9285)
43369,POINT (130.6141 33.04116)
43403,POINT (130.9051 32.89579)
43404,POINT (130.8237 32.85922)
43423,POINT (131.0905 33.06805)
43424,POINT (131.0711 33.1426)
43425,POINT (131.2053 33.01072)
43428,POINT (131.203 32.84049)
43432,POINT (130.9314 32.82229)
43433,POINT (131.0373 32.84409)
43441,POINT (130.8575 32.73063)
43442,POINT (130.7556 32.74601)
43443,POINT (130.834 32.78749)
43444,POINT (130.817 32.67197)
43447,POINT (131.0492 32.69909)
43468,POINT (130.676 32.57507)
43482,POINT (130.5413 32.29157)
43484,POINT (130.4604 32.24146)
43501,POINT (130.8491 32.18242)
43505,POINT (130.9925 32.24343)
43506,POINT (131.0115 32.27152)
43507,POINT (131.017 32.3652)
43510,POINT (130.8295 32.30276)
43511,POINT (130.8401 32.42015)
43512,POINT (130.7568 32.31487)
43513,POINT (130.6509 32.26086)
43514,POINT (130.919 32.20873)
43531,POINT (130.0717 32.48587)
44201,POINT (131.6406 33.17962)
44202,POINT (131.4529 33.28576)
44203,POINT (131.1265 33.46479)
44204,POINT (130.9506 33.24442)
44205,POINT (131.7761 32.88606)
44206,POINT (131.7446 33.07225)
44207,POINT (131.8671 33.07033)
44208,POINT (131.3272 32.99768)
44209,POINT (131.5069 33.57572)
44210,POINT (131.5368 33.44727)
44211,POINT (131.3366 33.44995)
44212,POINT (131.512 32.97245)
44213,POINT (131.3842 33.20854)
44214,POINT (131.6507 33.56424)
44322,POINT (131.6637 33.72796)
44341,POINT (131.5275 33.37632)
44461,POINT (131.2126 33.19242)
44462,POINT (131.1614 33.30444)
45201,POINT (131.3584 31.89207)
45202,POINT (131.079 31.80918)
45203,POINT (131.6431 32.67235)
45204,POINT (131.331 31.64999)
45205,POINT (131.0402 32.03409)
45206,POINT (131.523 32.37717)
45207,POINT (131.2648 31.48571)
45208,POINT (131.3155 32.1728)
45209,POINT (130.8388 32.04628)
45341,POINT (131.177 31.73106)
45361,POINT (130.9977 31.92276)
45382,POINT (131.2877 32.03898)
45383,POINT (131.2086 32.03165)
45401,POINT (131.5025 32.13147)
45402,POINT (131.4661 32.08196)
45403,POINT (131.1592 32.22613)
45404,POINT (131.3979 32.24453)
45405,POINT (131.5037 32.20935)
45406,POINT (131.5075 32.27848)
45421,POINT (131.592 32.49144)
45429,POINT (131.3061 32.55824)
45430,POINT (131.143 32.46165)
45431,POINT (131.3711 32.44002)
45441,POINT (131.3146 32.74682)
45442,POINT (131.4136 32.6916)
45443,POINT (131.1898 32.64372)
46000,POINT (129.7347 31.42606)
46201,POINT (130.5283 31.57898)
46203,POINT (130.8674 31.42659)
46204,POINT (130.3109 31.29022)
46206,POINT (130.2331 32.0164)
46208,POINT (130.3639 32.06346)
46210,POINT (130.5831 31.23025)
46213,POINT (131.0157 30.70498)
46214,POINT (130.763 31.5118)
46215,POINT (130.2592 31.82404)
46216,POINT (130.3821 31.59926)
46217,POINT (130.9747 31.65612)
46218,POINT (130.7818 31.80547)
46219,POINT (130.2888 31.73277)
46220,POINT (130.2695 31.38798)
46221,POINT (131.0916 31.53143)
46222,POINT (129.501 28.34464)
46223,POINT (130.4368 31.34039)
46224,POINT (130.601 32.05833)
46225,POINT (130.5961 31.78109)
46303,POINT (130.1352 30.81311)
46304,POINT (129.7118 29.68828)
46392,POINT (130.476 31.93754)
46404,POINT (130.1664 32.1862)
46452,POINT (130.7286 31.96883)
46468,POINT (130.9747 31.4643)
46482,POINT (130.9887 31.38286)
46490,POINT (130.8582 31.21692)
46491,POINT (130.7736 31.12198)
46492,POINT (130.9913 31.26501)
46501,POINT (130.9595 30.53757)
46502,POINT (130.9089 30.41256)
46505,POINT (130.5014 30.3469)
46523,POINT (129.357 28.32999)
46524,POINT (129.2737 28.2719)
46525,POINT (129.2856 28.15687)
46527,POINT (129.5803 28.41011)
46529,POINT (129.9725 28.32293)
46530,POINT (128.9736 27.79455)
46531,POINT (128.9226 27.80217)
46532,POINT (128.9417 27.70387)
46533,POINT (128.6392 27.39991)
46534,POINT (128.5657 27.36508)
46535,POINT (128.4308 27.04283)
47000,POINT (127.8434 26.43443)
47201,POINT (127.6843 26.21046)
47205,POINT (127.7559 26.27452)
47207,POINT (124.1889 24.46497)
47208,POINT (127.7147 26.25121)
47209,POINT (128.0245 26.58519)
47210,POINT (127.6867 26.11805)
47211,POINT (127.8081 26.35229)
47212,POINT (127.6789 26.1735)
47213,POINT (127.8741 26.36744)
47214,POINT (125.3011 24.78585)
47215,POINT (127.7788 26.16375)
47301,POINT (128.2547 26.76164)
47302,POINT (128.1386 26.67157)
47303,POINT (128.1897 26.64858)
47306,POINT (127.967 26.68001)
47308,POINT (127.909 26.65848)
47311,POINT (127.8527 26.47591)
47313,POINT (127.9665 26.4948)
47314,POINT (127.9017 26.46512)
47315,POINT (127.7894 26.72177)
47324,POINT (127.7463 26.4)
47325,POINT (127.7672 26.36438)
47326,POINT (127.7644 26.32135)
47327,POINT (127.7973 26.30334)
47328,POINT (127.7877 26.26349)
47329,POINT (127.7593 26.22938)
47348,POINT (127.7582 26.20209)
47350,POINT (127.7287 26.1942)
47353,POINT (127.3735 26.19637)
47354,POINT (127.2871 26.20947)
47355,POINT (127.2294 26.58768)
47356,POINT (127.1439 26.36605)
47357,POINT (131.2428 25.84316)
47358,POINT (131.2964 25.81367)
47359,POINT (127.9707 27.04717)
47360,POINT (127.9366 26.93304)
47361,POINT (126.8313 26.40995)
47362,POINT (127.7266 26.13847)
47375,POINT (124.6988 24.66665)
47381,POINT (123.8282 24.32193)
47382,POINT (122.989 24.45542)
